-- ========================================
-- 知享校园知识库共享平台 - 初始化数据
-- 版本: 2.0.0
-- 说明: 包含初始数据和演示数据
-- 注意: 执行前请确保已执行 01_schema.sql
-- ========================================

SET NAMES utf8mb4;
SET FOREIGN_KEY_CHECKS = 0;

-- ========================================
-- 第一部分：用户数据
-- ========================================
INSERT INTO `users` (`id`, `username`, `email`, `password`, `avatar`, `bio`, `role`, `points`, `total_points`, `status`, `last_login_time`, `failed_login_attempts`, `locked_until`, `created_at`, `updated_at`) VALUES
(1, 'admin', 'admin@zhixiang.com', '$2a$10$N.zmdr9k7uOCQb376NoUnuTJ8iAt6Z5EHsM8lE9lBOsl7iKTVKIUi', '/avatars/default.png', '系统管理员，负责平台日常运营和维护', 'ADMIN', 99989, 99999, 'ACTIVE', '2026-04-13 09:30:00', 0, NULL, '2025-09-26 10:00:00', '2026-04-13 09:30:00'),
(2, 'zhangsan', 'zhangsan@campus.edu.cn', '$2a$10$N.zmdr9k7uOCQb376NoUnuTJ8iAt6Z5EHsM8lE9lBOsl7iKTVKIUi', '/avatars/default.png', '热爱编程，专注Java开发', 'USER', 268, 426, 'ACTIVE', '2026-04-12 21:14:00', 0, NULL, '2025-10-08 14:20:00', '2026-04-12 21:14:00'),
(3, 'lisi', 'lisi@campus.edu.cn', '$2a$10$N.zmdr9k7uOCQb376NoUnuTJ8iAt6Z5EHsM8lE9lBOsl7iKTVKIUi', '/avatars/default.png', '前端开发者，喜欢Vue和React', 'USER', 182, 315, 'ACTIVE', '2026-04-11 18:42:00', 0, NULL, '2025-10-12 18:10:00', '2026-04-11 18:42:00'),
(4, 'wangwu', 'wangwu@campus.edu.cn', '$2a$10$N.zmdr9k7uOCQb376NoUnuTJ8iAt6Z5EHsM8lE9lBOsl7iKTVKIUi', '/avatars/default.png', '数据结构和算法爱好者', 'USER', 96, 188, 'ACTIVE', '2026-04-10 23:06:00', 0, NULL, '2025-11-03 11:45:00', '2026-04-10 23:06:00'),
(5, 'zhaoliu', 'zhaoliu@campus.edu.cn', '$2a$10$N.zmdr9k7uOCQb376NoUnuTJ8iAt6Z5EHsM8lE9lBOsl7iKTVKIUi', '/avatars/default.png', '全栈开发，正在学习Spring Cloud', 'USER', 322, 508, 'ACTIVE', '2026-04-13 12:10:00', 0, NULL, '2025-11-15 09:30:00', '2026-04-13 12:10:00'),
(6, 'chenxi', 'chenxi@campus.edu.cn', '$2a$10$N.zmdr9k7uOCQb376NoUnuTJ8iAt6Z5EHsM8lE9lBOsl7iKTVKIUi', '/avatars/default.png', '数据库爱好者，MySQL和Redis', 'USER', 138, 226, 'ACTIVE', '2026-04-13 19:26:00', 0, NULL, '2025-12-01 15:40:00', '2026-04-13 19:26:00'),
(7, 'linan', 'linan@campus.edu.cn', '$2a$10$N.zmdr9k7uOCQb376NoUnuTJ8iAt6Z5EHsM8lE9lBOsl7iKTVKIUi', '/avatars/default.png', '大二学生', 'USER', 75, 144, 'DISABLED', '2026-03-15 13:20:00', 1, NULL, '2025-12-12 16:20:00', '2026-03-20 10:05:00'),
(8, 'sunqi', 'sunqi@campus.edu.cn', '$2a$10$N.zmdr9k7uOCQb376NoUnuTJ8iAt6Z5EHsM8lE9lBOsl7iKTVKIUi', '/avatars/default.png', '正在准备考研', 'USER', 54, 119, 'LOCKED', '2026-03-28 20:18:00', 5, '2026-04-05 08:00:00', '2026-01-06 08:18:00', '2026-04-03 08:00:00'),
(9, 'yangfan', 'yangfan@campus.edu.cn', '$2a$10$N.zmdr9k7uOCQb376NoUnuTJ8iAt6Z5EHsM8lE9lBOsl7iKTVKIUi', '/avatars/default.png', '计算机考研党，分享408备考资料', 'USER', 240, 390, 'ACTIVE', '2026-04-12 17:35:00', 0, NULL, '2026-01-18 12:00:00', '2026-04-12 17:35:00'),
(10, 'hejing', 'hejing@campus.edu.cn', '$2a$10$N.zmdr9k7uOCQb376NoUnuTJ8iAt6Z5EHsM8lE9lBOsl7iKTVKIUi', '/avatars/default.png', '英语达人，四六级备考中', 'USER', 162, 245, 'ACTIVE', '2026-04-13 14:56:00', 0, NULL, '2026-02-02 10:12:00', '2026-04-13 14:56:00');

-- ========================================
-- 第二部分：文档分类数据
-- ========================================
INSERT INTO `categories` (`id`, `name`, `parent_id`, `level`, `sort_order`, `description`, `is_active`, `is_deleted`, `created_at`, `updated_at`) VALUES
(1, '计算机科学', NULL, 1, 1, '计算机相关课程资料', TRUE, FALSE, '2026-04-04 23:15:02', '2026-04-04 23:15:02'),
(2, '数学', NULL, 1, 2, '数学相关课程资料', TRUE, FALSE, '2026-04-04 23:15:02', '2026-04-04 23:15:02'),
(3, '英语', NULL, 1, 3, '英语相关课程资料', TRUE, FALSE, '2026-04-04 23:15:02', '2026-04-04 23:15:02'),
(4, '专业课程', NULL, 1, 4, '其他专业课程资料', TRUE, FALSE, '2026-04-04 23:15:02', '2026-04-04 23:15:02'),
(5, '编程开发', 1, 2, 1, 'Java、Python、前端等编程课程', TRUE, FALSE, '2026-04-04 23:15:02', '2026-04-04 23:15:02'),
(6, '算法数据结构', 1, 2, 2, '数据结构、算法设计与分析', TRUE, FALSE, '2026-04-04 23:15:02', '2026-04-04 23:15:02'),
(7, '系统原理', 1, 2, 3, '操作系统、数据库、网络原理', TRUE, FALSE, '2026-04-04 23:15:02', '2026-04-04 23:15:02'),
(8, '软件工程', 1, 2, 4, '软件工程、项目管理课程', TRUE, FALSE, '2026-04-04 23:15:02', '2026-04-04 23:15:02'),
(9, '高等数学', 2, 2, 1, '微积分、数学分析课程', TRUE, FALSE, '2026-04-04 23:15:02', '2026-04-04 23:15:02'),
(10, '线性代数', 2, 2, 2, '线性代数与矩阵论', TRUE, FALSE, '2026-04-04 23:15:02', '2026-04-04 23:15:02'),
(11, '概率统计', 2, 2, 3, '概率论与数理统计', TRUE, FALSE, '2026-04-04 23:15:02', '2026-04-04 23:15:02'),
(12, '基础英语', 3, 2, 1, '大学英语、听说读写基础', TRUE, FALSE, '2026-04-04 23:15:02', '2026-04-04 23:15:02'),
(13, '专业英语', 3, 2, 2, '计算机英语、学术英语', TRUE, FALSE, '2026-04-04 23:15:02', '2026-04-04 23:15:02'),
(14, '理工科基础', 4, 2, 1, '物理、化学等理工基础课程', TRUE, FALSE, '2026-04-04 23:15:02', '2026-04-04 23:15:02'),
(15, '人文社科', 4, 2, 2, '文学、历史、心理学等人文课程', TRUE, FALSE, '2026-04-04 23:15:02', '2026-04-04 23:15:02'),
(16, '经管法律', 4, 2, 3, '经济、管理、法律相关课程', TRUE, FALSE, '2026-04-04 23:15:02', '2026-04-04 23:15:02'),
(17, 'Java开发', 5, 3, 1, 'Java基础、面向对象与企业级开发资料', TRUE, FALSE, '2026-04-04 23:15:02', '2026-04-04 23:15:02'),
(18, '前端工程化', 5, 3, 2, 'Vue、React、构建工具与前端项目实践', TRUE, FALSE, '2026-04-04 23:15:02', '2026-04-04 23:15:02'),
(19, '考研数学', 9, 3, 1, '考研数学一、二、三复习资料', TRUE, FALSE, '2026-04-04 23:15:02', '2026-04-04 23:15:02'),
(20, '408统考', 7, 3, 1, '数据结构、计算机网络、操作系统与组成原理', TRUE, FALSE, '2026-04-04 23:15:02', '2026-04-04 23:15:02'),
(21, '数据库设计', 7, 3, 2, '数据库系统原理、MySQL与课程设计', TRUE, FALSE, '2026-04-04 23:15:02', '2026-04-04 23:15:02'),
(22, '实验报告模板', 14, 3, 1, '实验报告、课程实验模板与写作示例', TRUE, FALSE, '2026-04-04 23:15:02', '2026-04-04 23:15:02'),
(23, '竞赛与实训', 8, 3, 1, '蓝桥杯、ACM、创新创业与项目实训资料', TRUE, FALSE, '2026-04-04 23:15:02', '2026-04-04 23:15:02'),
(24, '四六级写作', 12, 3, 1, '英语写作、翻译与高频表达', TRUE, FALSE, '2026-04-04 23:15:02', '2026-04-04 23:15:02'),
(25, '论文写作', 13, 3, 1, '开题报告、论文模板与学术规范', TRUE, FALSE, '2026-04-04 23:15:02', '2026-04-04 23:15:02'),
(26, '求职面试', 15, 3, 1, '简历、面试题与求职经验总结', TRUE, FALSE, '2026-04-04 23:15:02', '2026-04-04 23:15:02');

-- ========================================
-- 第三部分：文档标签数据
-- ========================================
INSERT INTO `tags` (`id`, `name`, `color`, `description`, `usage_count`, `created_at`, `updated_at`) VALUES
(1, '课件', '#409EFF', 'PPT课件资料', 12, '2026-04-04 23:15:02', '2026-04-06 18:54:36'),
(2, '作业', '#67C23A', '平时作业及答案', 8, '2026-04-04 23:15:02', '2026-04-06 18:54:36'),
(3, '考试', '#E6A23C', '期中期末考试资料', 15, '2026-04-04 23:15:02', '2026-04-06 18:54:36'),
(4, '笔记', '#9C27B0', '学习笔记总结', 20, '2026-04-04 23:15:02', '2026-04-06 18:54:36'),
(5, '实验', '#909399', '实验报告及代码', 10, '2026-04-04 23:15:02', '2026-04-06 18:54:36'),
(6, '项目', '#F56C6C', '课程设计项目', 7, '2026-04-04 23:15:02', '2026-04-06 18:54:36'),
(7, 'Java', '#3B82F6', 'Java开发相关资料', 18, '2026-04-04 23:15:02', '2026-04-06 18:54:36'),
(8, 'Spring Boot', '#10B981', 'Spring Boot项目实践资料', 12, '2026-04-04 23:15:02', '2026-04-06 18:54:36'),
(9, 'Vue', '#22C55E', 'Vue前端开发资料', 9, '2026-04-04 23:15:02', '2026-04-06 18:54:36'),
(10, 'MySQL', '#F59E0B', 'MySQL与数据库设计资料', 14, '2026-04-04 23:15:02', '2026-04-06 19:00:33'),
(11, '408', '#EF4444', '计算机考研408资料', 22, '2026-04-04 23:15:02', '2026-04-06 18:54:36'),
(12, '考研', '#8B5CF6', '考研公共课与专业课资料', 16, '2026-04-04 23:15:02', '2026-04-06 18:54:36'),
(13, '实验报告', '#6B7280', '实验报告和模板', 11, '2026-04-04 23:15:02', '2026-04-06 18:54:36'),
(14, '课程设计', '#EC4899', '课程设计与项目报告', 8, '2026-04-04 23:15:02', '2026-04-06 18:54:36'),
(15, '论文模板', '#14B8A6', '论文和开题模板', 6, '2026-04-04 23:15:02', '2026-04-06 18:54:36'),
(16, '竞赛', '#F97316', '竞赛题解和备赛资料', 9, '2026-04-04 23:15:02', '2026-04-06 18:54:36'),
(17, '面试', '#6366F1', '笔试面试与求职资料', 13, '2026-04-04 23:15:02', '2026-04-06 18:54:36'),
(18, '复习提纲', '#84CC16', '期末与考研复习提纲', 17, '2026-04-04 23:15:02', '2026-04-06 18:59:28'),
(19, 'Linux', '#409EFF', 'Linux系统与命令', 8, '2026-04-06 18:54:36', '2026-04-06 19:00:33'),
(20, 'Hive', '#409EFF', 'Hive数据仓库', 5, '2026-04-06 18:54:36', '2026-04-06 19:09:00');

-- ========================================
-- 第四部分：文档数据
-- ========================================
INSERT INTO `documents` (`id`, `title`, `description`, `file_name`, `file_path`, `file_size`, `file_type`, `file_extension`, `category_id`, `uploader_id`, `status`, `rejection_reason`, `download_count`, `view_count`, `rating_average`, `rating_count`, `download_points`, `approved_at`, `approved_by`, `created_at`, `updated_at`) VALUES
(47, '1-初识Linux', 'Linux操作系统入门介绍，适合零基础学习者', '1-初识Linux.pdf', 'documents/2026/04/doc_47/linux_intro.pdf', 1024000, 'application/pdf', 'pdf', 7, 1, 'APPROVED', NULL, 15, 128, 4.50, 4, 5, '2026-04-06 18:54:36', 1, '2026-04-06 18:54:36', '2026-04-06 18:54:36'),
(48, '2-Linux基础命令', '常用Linux命令详解及示例', '2-Linux基础命令.pdf', 'documents/2026/04/doc_48/linux_commands.pdf', 1536000, 'application/pdf', 'pdf', 7, 1, 'APPROVED', NULL, 23, 215, 4.70, 6, 5, '2026-04-06 18:58:01', 1, '2026-04-06 18:58:01', '2026-04-06 18:58:01'),
(49, '3-用户和权限', 'Linux用户管理、权限设置与sudo使用', '3-用户和权限.pdf', 'documents/2026/04/doc_49/linux_user_permission.pdf', 983040, 'application/pdf', 'pdf', 7, 1, 'APPROVED', NULL, 18, 156, 4.60, 5, 5, '2026-04-06 18:59:02', 1, '2026-04-06 18:59:02', '2026-04-06 18:59:02'),
(50, '4-Linux实用操作', '文件操作、进程管理、系统监控等实用技巧', '4-Linux实用操作.pdf', 'documents/2026/04/doc_50/linux_practical.pdf', 1245184, 'application/pdf', 'pdf', 7, 1, 'APPROVED', NULL, 20, 189, 4.65, 5, 5, '2026-04-06 18:59:28', 1, '2026-04-06 18:59:28', '2026-04-06 18:59:28'),
(51, 'Linux课程笔记', '完整的Linux学习笔记，适合复习和总结', 'Linux课程笔记.pdf', 'documents/2026/04/doc_51/linux_notes.pdf', 2048000, 'application/pdf', 'pdf', 7, 1, 'APPROVED', NULL, 32, 278, 4.80, 8, 3, '2026-04-06 18:59:52', 1, '2026-04-06 18:59:52', '2026-04-06 18:59:52'),
(52, 'Linux系统软件安装', 'yum、rpm、编译安装等软件安装方法汇总', 'Linux系统软件安装.pdf', 'documents/2026/04/doc_52/linux_software_install.pdf', 819200, 'application/pdf', 'pdf', 7, 1, 'APPROVED', NULL, 14, 98, 4.40, 3, 5, '2026-04-06 19:00:33', 1, '2026-04-06 19:00:33', '2026-04-06 19:00:33'),
(53, 'data_for_array_type', 'Hive数组类型示例数据文件', 'data_for_array_type.json', 'documents/2026/04/doc_53/array_data.json', 4096, 'application/json', 'json', 1, 1, 'APPROVED', NULL, 8, 45, 4.20, 2, 2, '2026-04-07 00:07:12', 1, '2026-04-07 00:07:12', '2026-04-07 00:07:12'),
(54, 'data_for_map_type', 'Hive Map类型示例数据文件', 'data_for_map_type.json', 'documents/2026/04/doc_54/map_data.json', 3072, 'application/json', 'json', 1, 1, 'APPROVED', NULL, 6, 38, 4.10, 2, 2, '2026-04-07 00:07:40', 1, '2026-04-07 00:07:40', '2026-04-07 00:07:40'),
(55, 'Hive-SQL语法大全', 'Hive SQL完整语法教程，包含DDL、DML详解', 'Hive-SQL语法大全.pdf', 'documents/2026/04/doc_55/hive_sql_complete.pdf', 3145728, 'application/pdf', 'pdf', 1, 1, 'APPROVED', NULL, 45, 356, 4.85, 12, 5, '2026-04-07 00:08:35', 1, '2026-04-07 00:08:35', '2026-04-07 00:08:35'),
(56, 'Hive函数', 'Hive常用函数大全，包含聚合函数、窗口函数等', 'Hive函数.pdf', 'documents/2026/04/doc_56/hive_functions.pdf', 2621440, 'application/pdf', 'pdf', 1, 1, 'APPROVED', NULL, 38, 289, 4.75, 10, 5, '2026-04-07 00:09:00', 1, '2026-04-07 00:09:00', '2026-04-07 00:09:00'),
(62, '新闻动态图片', '校园新闻配图素材，可用于PPT或海报', '新闻动态图片.jpg', 'documents/2026/04/doc_62/news_image.jpg', 512000, 'image/jpeg', 'jpg', 15, 1, 'APPROVED', NULL, 5, 67, 4.00, 1, 1, '2026-04-07 00:24:01', 1, '2026-04-07 00:24:01', '2026-04-07 00:24:01'),
(65, '清华大学英文介绍', '清华大学英文介绍PPT素材', '清华大学英文介绍.pptx', 'documents/2026/04/doc_65/tsinghua_intro.pptx', 2097152, 'application/vnd.openxmlformats-officedocument.presentationml.presentation', 'pptx', 3, 1, 'APPROVED', NULL, 12, 89, 4.30, 3, 2, '2026-04-07 18:08:20', 1, '2026-04-07 18:08:20', '2026-04-07 18:08:20'),
(66, '大学英语四级资料', 'CET-4备考资料，包含词汇和真题', '大学英语四级资料.pdf', 'documents/2026/04/doc_66/cet4_materials.pdf', 4718592, 'application/pdf', 'pdf', 12, 1, 'APPROVED', NULL, 28, 234, 4.55, 7, 3, '2026-04-07 18:10:06', 1, '2026-04-07 18:10:06', '2026-04-07 18:10:06'),
(67, '茆诗松教材', '概率论与数理统计教材相关资料', '茆诗松教材.pdf', 'documents/2026/04/doc_67/probability_stats.pdf', 6291456, 'application/pdf', 'pdf', 11, 1, 'APPROVED', NULL, 35, 312, 4.70, 9, 5, '2026-04-07 18:10:58', 1, '2026-04-07 18:10:58', '2026-04-07 18:10:58');

-- ========================================
-- 第五部分：文档标签关联数据
-- ========================================
INSERT INTO `document_tags` (`document_id`, `tag_id`, `created_at`) VALUES
(47, 19, '2026-04-06 18:54:35'),
(47, 1, '2026-04-06 18:54:35'),
(48, 19, '2026-04-06 18:58:00'),
(48, 4, '2026-04-06 18:58:00'),
(49, 19, '2026-04-06 18:59:02'),
(49, 5, '2026-04-06 18:59:02'),
(50, 19, '2026-04-06 18:59:28'),
(50, 4, '2026-04-06 18:59:28'),
(51, 19, '2026-04-06 18:59:52'),
(51, 4, '2026-04-06 18:59:52'),
(52, 19, '2026-04-06 19:00:33'),
(52, 5, '2026-04-06 19:00:33'),
(55, 20, '2026-04-07 00:08:35'),
(55, 4, '2026-04-07 00:08:35'),
(56, 20, '2026-04-07 00:09:00'),
(56, 4, '2026-04-07 00:09:00'),
(66, 3, '2026-04-07 18:10:06'),
(66, 12, '2026-04-07 18:10:06'),
(67, 11, '2026-04-07 18:10:58'),
(67, 12, '2026-04-07 18:10:58');

-- ========================================
-- 第六部分：评分数据（新增演示数据）
-- ========================================
INSERT INTO `ratings` (`document_id`, `user_id`, `score`, `comment`, `created_at`, `updated_at`) VALUES
(47, 2, 5, '非常适合入门，讲解清晰！', '2026-04-07 10:00:00', '2026-04-07 10:00:00'),
(47, 3, 4, '内容不错，但可以再详细点', '2026-04-07 11:30:00', '2026-04-07 11:30:00'),
(47, 5, 5, '老师的笔记整理得很用心', '2026-04-07 14:20:00', '2026-04-07 14:20:00'),
(47, 9, 4, '考研复习用这个打基础挺好的', '2026-04-07 16:45:00', '2026-04-07 16:45:00'),
(48, 2, 5, '命令总结得很全面！', '2026-04-07 10:30:00', '2026-04-07 10:30:00'),
(48, 4, 5, '示例很实用，工作能用上', '2026-04-07 12:15:00', '2026-04-07 12:15:00'),
(48, 6, 4, '覆盖了常用命令，赞', '2026-04-07 15:00:00', '2026-04-07 15:00:00'),
(49, 3, 5, '权限部分讲得很透彻', '2026-04-07 11:00:00', '2026-04-07 11:00:00'),
(49, 5, 4, 'sudo用法总结得很好', '2026-04-07 13:30:00', '2026-04-07 13:30:00'),
(50, 2, 5, '实用技巧很多，收藏了', '2026-04-07 10:15:00', '2026-04-07 10:15:00'),
(51, 4, 5, '完整的复习资料，强烈推荐', '2026-04-07 09:00:00', '2026-04-07 09:00:00'),
(51, 6, 5, '比我自己的笔记全面多了', '2026-04-07 11:45:00', '2026-04-07 11:45:00'),
(51, 9, 5, '408复习阶段看这个很有帮助', '2026-04-07 14:00:00', '2026-04-07 14:00:00'),
(51, 10, 4, '内容很丰富，整理得很系统', '2026-04-07 16:30:00', '2026-04-07 16:30:00'),
(55, 2, 5, 'Hive SQL讲得太全了！', '2026-04-07 10:00:00', '2026-04-07 10:00:00'),
(55, 5, 5, '窗口函数那章写得特别清楚', '2026-04-07 12:30:00', '2026-04-07 12:30:00'),
(55, 6, 5, '工作中的Hive问题基本都能查到', '2026-04-07 15:15:00', '2026-04-07 15:15:00'),
(56, 3, 5, '函数大全，太好用了', '2026-04-07 11:00:00', '2026-04-07 11:00:00'),
(56, 5, 4, '日常查询够用了', '2026-04-07 13:00:00', '2026-04-07 13:00:00'),
(66, 10, 5, '四级备考就靠这个了', '2026-04-07 09:30:00', '2026-04-07 09:30:00'),
(66, 2, 4, '真题资源挺新的', '2026-04-07 11:15:00', '2026-04-07 11:15:00'),
(67, 4, 5, '茆诗松的习题解答太需要了', '2026-04-07 10:00:00', '2026-04-07 10:00:00'),
(67, 9, 5, '概率论复习用这个效率很高', '2026-04-07 12:00:00', '2026-04-07 12:00:00'),
(67, 2, 4, '重点标注得很清晰', '2026-04-07 14:30:00', '2026-04-07 14:30:00');

-- ========================================
-- 第七部分：评论数据（新增演示数据）
-- ========================================
INSERT INTO `comments` (`document_id`, `user_id`, `parent_id`, `content`, `is_deleted`, `created_at`, `updated_at`) VALUES
(47, 2, NULL, '非常适合Linux入门学习，讲解由浅入深！', FALSE, '2026-04-07 10:05:00', '2026-04-07 10:05:00'),
(47, 3, 1, '同意，不过建议配合视频教程一起看效果更好', FALSE, '2026-04-07 10:30:00', '2026-04-07 10:30:00'),
(48, 4, NULL, '命令总结得非常全面，工作中的常用命令都有覆盖', FALSE, '2026-04-07 11:00:00', '2026-04-07 11:00:00'),
(48, 5, NULL, '有PDF版本吗？方便打印出来背命令', FALSE, '2026-04-07 12:15:00', '2026-04-07 12:15:00'),
(48, 1, 4, '已经是PDF格式了，可以直接打印', FALSE, '2026-04-07 12:45:00', '2026-04-07 12:45:00'),
(51, 6, NULL, '这份笔记太全了！复习阶段帮了大忙', FALSE, '2026-04-07 09:30:00', '2026-04-07 09:30:00'),
(51, 9, NULL, '408统考复习中，这份资料很有用', FALSE, '2026-04-07 11:20:00', '2026-04-07 11:20:00'),
(51, 10, NULL, '请问有配套的视频吗？光看文档有些地方不太理解', FALSE, '2026-04-07 14:00:00', '2026-04-07 14:00:00'),
(55, 2, NULL, 'Hive SQL语法讲得很详细，特别是窗口函数部分', FALSE, '2026-04-07 10:10:00', '2026-04-07 10:10:00'),
(55, 5, NULL, '工作中遇到Hive问题就来查这个，已经收藏了', FALSE, '2026-04-07 13:45:00', '2026-04-07 13:45:00'),
(55, 6, 10, '同感！这份资料对我帮助很大', FALSE, '2026-04-07 14:20:00', '2026-04-07 14:20:00'),
(66, 10, NULL, '四六级备考就用这个，词汇总结很到位', FALSE, '2026-04-07 09:45:00', '2026-04-07 09:45:00'),
(67, 4, NULL, '茆诗松教材的习题解答太需要了！', FALSE, '2026-04-07 10:15:00', '2026-04-07 10:15:00'),
(67, 9, NULL, '概率论基础差的一定要先看这个', FALSE, '2026-04-07 12:30:00', '2026-04-07 12:30:00');

-- ========================================
-- 第八部分：下载记录数据（新增演示数据）
-- ========================================
INSERT INTO `download_records` (`document_id`, `user_id`, `points_cost`, `ip_address`, `user_agent`, `created_at`, `download_time`) VALUES
(47, 2, 5, '192.168.1.101', 'Mozilla/5.0', '2026-04-07 10:10:00', '2026-04-07 10:10:00'),
(47, 3, 5, '192.168.1.102', 'Mozilla/5.0', '2026-04-07 11:00:00', '2026-04-07 11:00:00'),
(48, 4, 5, '192.168.1.103', 'Mozilla/5.0', '2026-04-07 11:30:00', '2026-04-07 11:30:00'),
(48, 5, 5, '192.168.1.104', 'Mozilla/5.0', '2026-04-07 12:30:00', '2026-04-07 12:30:00'),
(49, 6, 5, '192.168.1.105', 'Mozilla/5.0', '2026-04-07 11:15:00', '2026-04-07 11:15:00'),
(50, 2, 5, '192.168.1.101', 'Mozilla/5.0', '2026-04-07 10:20:00', '2026-04-07 10:20:00'),
(51, 4, 3, '192.168.1.103', 'Mozilla/5.0', '2026-04-07 09:45:00', '2026-04-07 09:45:00'),
(51, 6, 3, '192.168.1.105', 'Mozilla/5.0', '2026-04-07 12:00:00', '2026-04-07 12:00:00'),
(51, 9, 3, '192.168.1.109', 'Mozilla/5.0', '2026-04-07 14:15:00', '2026-04-07 14:15:00'),
(55, 2, 5, '192.168.1.101', 'Mozilla/5.0', '2026-04-07 10:15:00', '2026-04-07 10:15:00'),
(55, 5, 5, '192.168.1.104', 'Mozilla/5.0', '2026-04-07 13:00:00', '2026-04-07 13:00:00'),
(55, 6, 5, '192.168.1.105', 'Mozilla/5.0', '2026-04-07 15:30:00', '2026-04-07 15:30:00'),
(56, 3, 5, '192.168.1.102', 'Mozilla/5.0', '2026-04-07 11:20:00', '2026-04-07 11:20:00'),
(66, 10, 3, '192.168.1.110', 'Mozilla/5.0', '2026-04-07 10:00:00', '2026-04-07 10:00:00'),
(67, 4, 5, '192.168.1.103', 'Mozilla/5.0', '2026-04-07 10:30:00', '2026-04-07 10:30:00'),
(67, 9, 5, '192.168.1.109', 'Mozilla/5.0', '2026-04-07 12:45:00', '2026-04-07 12:45:00');

-- ========================================
-- 第九部分：积分记录数据
-- ========================================
INSERT INTO `points_records` (`user_id`, `type`, `points`, `source`, `reference_id`, `description`, `created_at`) VALUES
(1, 'EARN', 99999, 'ADMIN_ADJUST', NULL, '系统管理员初始积分', '2025-09-26 10:00:00'),
(2, 'EARN', 100, 'REGISTER', NULL, '新用户注册奖励', '2025-10-08 14:20:00'),
(3, 'EARN', 100, 'REGISTER', NULL, '新用户注册奖励', '2025-10-12 18:10:00'),
(4, 'EARN', 100, 'REGISTER', NULL, '新用户注册奖励', '2025-11-03 11:45:00'),
(5, 'EARN', 100, 'REGISTER', NULL, '新用户注册奖励', '2025-11-15 09:30:00'),
(6, 'EARN', 100, 'REGISTER', NULL, '新用户注册奖励', '2025-12-01 15:40:00'),
(9, 'EARN', 100, 'REGISTER', NULL, '新用户注册奖励', '2026-01-18 12:00:00'),
(10, 'EARN', 100, 'REGISTER', NULL, '新用户注册奖励', '2026-02-02 10:12:00'),
-- 上传文档获得积分
(1, 'EARN', 20, 'UPLOAD', 47, '上传《1-初识Linux》', '2026-04-06 18:54:36'),
(1, 'EARN', 20, 'UPLOAD', 48, '上传《2-Linux基础命令》', '2026-04-06 18:58:01'),
(1, 'EARN', 20, 'UPLOAD', 49, '上传《3-用户和权限》', '2026-04-06 18:59:02'),
(1, 'EARN', 20, 'UPLOAD', 50, '上传《4-Linux实用操作》', '2026-04-06 18:59:28'),
(1, 'EARN', 20, 'UPLOAD', 51, '上传《Linux课程笔记》', '2026-04-06 18:59:52'),
(1, 'EARN', 20, 'UPLOAD', 52, '上传《Linux系统软件安装》', '2026-04-06 19:00:33'),
-- 文档审核通过获得积分
(1, 'EARN', 10, 'APPROVED', 47, '文档审核通过奖励', '2026-04-06 19:00:00'),
(1, 'EARN', 10, 'APPROVED', 48, '文档审核通过奖励', '2026-04-06 19:00:00'),
-- 下载消费积分
(2, 'SPEND', 5, 'DOWNLOAD_COST', 47, '下载《1-初识Linux》', '2026-04-07 10:10:00'),
(3, 'SPEND', 5, 'DOWNLOAD_COST', 47, '下载《1-初识Linux》', '2026-04-07 11:00:00'),
(4, 'SPEND', 5, 'DOWNLOAD_COST', 48, '下载《2-Linux基础命令》', '2026-04-07 11:30:00'),
(5, 'SPEND', 5, 'DOWNLOAD_COST', 48, '下载《2-Linux基础命令》', '2026-04-07 12:30:00'),
(2, 'SPEND', 5, 'DOWNLOAD_COST', 51, '下载《Linux课程笔记》', '2026-04-07 10:20:00');

-- ========================================
-- 第十部分：通知数据
-- ========================================
INSERT INTO `notifications` (`user_id`, `type`, `title`, `content`, `reference_id`, `is_read`, `created_at`) VALUES
(1, 'SYSTEM_ANNOUNCEMENT', '欢迎使用知享校园平台', '欢迎使用知享校园知识库共享平台！管理员账户：admin，密码：123456', NULL, FALSE, '2026-04-04 23:15:02'),
(2, 'SYSTEM_ANNOUNCEMENT', '欢迎加入知享校园平台', '已为你准备好一批课程资料、考研资料和论文模板，快去文档库看看吧。', NULL, TRUE, '2026-04-04 23:15:02'),
(1, 'DOCUMENT_APPROVED', '文档审核通过', '您上传的文档《1-初识Linux》已通过审核，可以开始下载了！', 47, FALSE, '2026-04-06 19:02:28'),
(1, 'DOCUMENT_APPROVED', '文档审核通过', '您上传的文档《2-Linux基础命令》已通过审核，可以开始下载了！', 48, FALSE, '2026-04-06 19:02:35'),
(1, 'DOCUMENT_APPROVED', '文档审核通过', '您上传的文档《3-用户和权限》已通过审核，可以开始下载了！', 49, FALSE, '2026-04-06 19:02:41'),
(1, 'DOCUMENT_APPROVED', '文档审核通过', '您上传的文档《4-Linux实用操作》已通过审核，可以开始下载了！', 50, FALSE, '2026-04-06 19:02:45'),
(1, 'DOCUMENT_APPROVED', '文档审核通过', '您上传的文档《Linux课程笔记》已通过审核，可以开始下载了！', 51, FALSE, '2026-04-06 19:02:46'),
(2, 'DOCUMENT_COMMENTED', '收到新评论', '用户在您的文档《1-初识Linux》下发布了评论', 47, FALSE, '2026-04-07 10:30:00'),
(3, 'DOCUMENT_RATED', '收到新评分', '用户给您的文档《1-初识Linux》打了5星', 47, FALSE, '2026-04-07 10:00:00'),
(5, 'POINTS_EARNED', '积分变动通知', '您上传的文档被下载，获得5积分', NULL, FALSE, '2026-04-07 13:00:00');

-- ========================================
-- 第十一部分：用户关注数据（新增演示数据）
-- ========================================
INSERT INTO `user_follows` (`follower_id`, `followed_id`, `created_at`) VALUES
(2, 1, '2026-04-07 10:00:00'),
(3, 1, '2026-04-07 11:00:00'),
(4, 1, '2026-04-07 12:00:00'),
(5, 1, '2026-04-07 13:00:00'),
(2, 5, '2026-04-07 14:00:00'),
(3, 5, '2026-04-07 15:00:00'),
(9, 2, '2026-04-07 16:00:00'),
(10, 2, '2026-04-07 17:00:00');

-- ========================================
-- 第十二部分：论坛分类数据
-- ========================================
INSERT INTO `forum_categories` (`id`, `name`, `description`, `icon`, `sort_order`, `status`, `created_at`, `updated_at`) VALUES
(1, '学习交流', '分享学习心得，交流学习方法', 'Reading', 1, TRUE, '2026-01-28 16:15:48', '2026-01-28 16:15:48'),
(2, '资源分享', '优质学习资源、电子书、课件分享', 'Files', 2, TRUE, '2026-01-28 16:15:48', '2026-01-28 16:15:48'),
(3, '技术问答', '编程、科研、学术问题求助与解答', 'QuestionFilled', 3, TRUE, '2026-01-28 16:15:48', '2026-01-28 16:15:48'),
(4, '闲聊灌水', '课余生活、兴趣爱好、日常吐槽', 'Coffee', 4, TRUE, '2026-01-28 16:15:48', '2026-01-28 16:15:48');

-- ========================================
-- 第十三部分：论坛标签数据
-- ========================================
INSERT INTO `forum_tags` (`id`, `name`, `topic_count`, `created_at`) VALUES
(42, 'Java', 5, '2026-03-12 16:49:44'),
(43, 'Spring Boot', 4, '2026-03-12 16:49:44'),
(44, 'Vue', 3, '2026-03-12 16:49:44'),
(45, 'MySQL', 4, '2026-03-12 16:49:44'),
(46, 'Python', 3, '2026-03-12 16:49:44'),
(47, 'Redis', 2, '2026-03-12 16:49:44'),
(48, 'Docker', 3, '2026-03-12 16:49:44'),
(49, '算法', 6, '2026-03-12 16:49:44'),
(50, '考研', 4, '2026-03-12 16:49:44'),
(51, '求职', 3, '2026-03-12 16:49:44'),
(52, '面试题', 5, '2026-03-12 16:49:44'),
(53, '前端', 4, '2026-03-12 16:49:44'),
(54, '后端', 3, '2026-03-12 16:49:44'),
(55, '全栈', 2, '2026-03-12 16:49:44'),
(56, 'AI', 3, '2026-03-12 16:49:44');

-- ========================================
-- 第十四部分：论坛帖子数据
-- ========================================
INSERT INTO `forum_topics` (`id`, `title`, `content`, `user_id`, `category_id`, `view_count`, `reply_count`, `like_count`, `collection_count`, `is_pinned`, `is_essence`, `status`, `created_at`, `updated_at`) VALUES
(88, '【求助】Java并发编程要怎么学？', '## Java并发编程学习求助\n\n各位大佬，我正在学习Java并发编程，看完了《Java并发编程实战》，但总觉得知识点很散。\n\n目前掌握的内容：\n- 线程基础（创建线程、线程状态）\n- synchronized和volatile\n- Lock接口和ReentrantLock\n- 常用并发工具类（CountDownLatch、CyclicBarrier等）\n\n想问几个问题：\n1. 并发编程的学习路线应该怎么规划？\n2. 有没有适合练手的项目推荐？\n3. 面试中并发编程一般会问哪些重点？\n\n希望有经验的大佬能给些建议，谢谢！', 2, 3, 356, 8, 25, 12, FALSE, FALSE, 0, '2026-04-10 09:00:00', '2026-04-10 09:00:00'),
(89, '【分享】Spring Boot项目实战经验总结', '## Spring Boot项目实战经验分享\n\n工作两年，总结了一些Spring Boot项目开发的经验，分享给大家：\n\n### 1. 项目结构推荐\n推荐使用三层架构：Controller -> Service -> Mapper\n\n### 2. 常用配置\n- 热部署：spring-boot-devtools\n- 数据库连接池：HikariCP（默认，很好用）\n- 接口文档：SpringDoc OpenAPI\n\n### 3. 常用注解\n```java\n@RestController\n@RequestMapping("/api")\n@Service\n@Repository\n@Configuration\n```\n\n### 4. 全局异常处理\n一定要做全局异常处理，提升用户体验。\n\n### 5. 参数校验\n使用@Valid和BindingResult进行参数校验。\n\n大家还有什么补充的，欢迎在评论区交流！', 1, 1, 528, 12, 45, 20, FALSE, TRUE, 0, '2026-04-09 14:30:00', '2026-04-09 14:30:00'),
(90, '【讨论】408统考复习计划', '## 408统考复习计划讨论\n\n24考研上岸学长来分享下408复习经验：\n\n### 复习顺序建议\n1. 数据结构（最基础）\n2. 计算机组成原理\n3. 操作系统\n4. 计算机网络\n\n### 时间安排\n- 基础阶段：3-6月，看王道的单科书+南小文基础课\n- 强化阶段：7-9月，二刷王道题+整理笔记\n- 冲刺阶段：10-12月，做真题+模拟题+查漏补缺\n\n### 推荐资料\n- 王道四本单科书（必做）\n- 南小文进阶600题\n- 王道真题\n\n有想考408的同学可以留言讨论！', 9, 1, 445, 15, 38, 18, FALSE, TRUE, 0, '2026-04-08 10:00:00', '2026-04-08 10:00:00'),
(91, '【推荐】MySQL性能优化实战案例', '## MySQL性能优化实战案例分享\n\n分享一个线上慢查询优化的实际案例：\n\n### 问题描述\n用户反馈首页加载很慢，排查发现是一个SQL查询耗时3秒+\n\n### 问题SQL\n```sql\nSELECT * FROM orders WHERE status = 1 AND create_time > ''2026-01-01'';\n```\n\n### 优化过程\n1. EXPLAIN分析：没走索引，全表扫描\n2. 添加索引：ALTER TABLE orders ADD INDEX idx_status_time(status, create_time);\n3. 优化后：查询时间从3s降到50ms\n\n### 经验总结\n1. 关注慢查询日志\n2. 避免SELECT *，只查需要的字段\n3. 合理使用索引\n4. 避免在WHERE中对字段做函数运算\n\n大家有类似的优化经验吗？', 6, 2, 389, 10, 32, 15, FALSE, TRUE, 0, '2026-04-07 16:00:00', '2026-04-07 16:00:00'),
(92, '【求职】春招Java后端面经分享', '## 春招Java后端面经分享（已上岸）\n\n背景：普通一本，Java后端方向，春招收割了3个offer。\n\n### 面试内容（某中型公司）：\n\n**一面（技术）：**\n- HashMap底层结构\n- ConcurrentHashMap如何实现线程安全\n- synchronized和ReentrantLock区别\n- Spring Bean生命周期\n- MySQL事务隔离级别\n- Redis持久化机制\n\n**二面（技术）：**\n- 项目难点及解决方案\n- 设计一个秒杀系统\n- 分布式ID生成方案\n- MySQL分库分表\n\n**三面（HR）：**\n- 职业规划\n- 为什么选择我们公司\n- 期望薪资\n\n### 建议\n1. 基础知识要扎实\n2. 项目要理解透彻\n3. 多刷算法题\n\n大家加油！', 5, 3, 612, 20, 55, 28, FALSE, TRUE, 0, '2026-04-06 11:00:00', '2026-04-06 11:00:00');

-- ========================================
-- 第十五部分：论坛帖子标签关联数据
-- ========================================
INSERT INTO `forum_topic_tags` (`topic_id`, `tag_id`) VALUES
(88, 42),
(88, 52),
(89, 42),
(89, 43),
(90, 49),
(90, 50),
(91, 45),
(92, 42),
(92, 51),
(92, 52);

-- ========================================
-- 第十六部分：论坛回复数据
-- ========================================
INSERT INTO `forum_replies` (`id`, `content`, `topic_id`, `user_id`, `parent_id`, `like_count`, `status`, `created_at`, `updated_at`) VALUES
(200, '并发编程确实内容很多，建议按JUC包的结构来学习：\n1. 原子操作（Atomic包）\n2. 锁（AQS、ReentrantLock）\n3. 容器（ConcurrentHashMap等）\n4. 工具类（CountDownLatch、CyclicBarrier等）', 88, 1, NULL, 18, 0, '2026-04-10 10:00:00', '2026-04-10 10:00:00'),
(201, '推荐做个秒杀系统项目，这个涉及并发很多核心知识点', 88, 5, NULL, 12, 0, '2026-04-10 11:30:00', '2026-04-10 11:30:00'),
(202, '面试重点：synchronized原理、JUC四大线程安全类、线程池参数及拒绝策略、并发容器底层实现', 88, 6, NULL, 25, 0, '2026-04-10 14:00:00', '2026-04-10 14:00:00'),
(203, '写得很好，收藏了！Spring Boot常用配置总结得很到位', 89, 3, NULL, 15, 0, '2026-04-09 15:00:00', '2026-04-09 15:00:00'),
(204, '补充一点：统一响应格式也很重要，建议定义一个Result类', 89, 4, NULL, 10, 0, '2026-04-09 16:30:00', '2026-04-09 16:30:00'),
(205, '408复习经验很实用！我也想考计算机研究生', 90, 2, NULL, 20, 0, '2026-04-08 11:00:00', '2026-04-08 11:00:00'),
(206, '王道四本必须二刷以上，真题至少做三遍', 90, 9, NULL, 15, 0, '2026-04-08 12:30:00', '2026-04-08 12:30:00'),
(207, 'MySQL优化案例太棒了！我们线上的慢查询也是这么解决的', 91, 2, NULL, 8, 0, '2026-04-07 17:00:00', '2026-04-07 17:00:00'),
(208, '索引优化是重点，建议再加一个EXPLAIN分析的内容', 91, 3, NULL, 12, 0, '2026-04-07 18:00:00', '2026-04-07 18:00:00'),
(209, '恭喜上岸！面经很详细，对我帮助很大', 92, 4, NULL, 22, 0, '2026-04-06 12:00:00', '2026-04-06 12:00:00'),
(210, '设计秒杀系统这里能详细讲讲吗？', 92, 5, 209, 8, 0, '2026-04-06 13:30:00', '2026-04-06 13:30:00');

-- ========================================
-- 第十七部分：论坛点赞收藏数据（新增演示数据）
-- ========================================
INSERT INTO `forum_topic_likes` (`topic_id`, `user_id`, `created_at`) VALUES
(88, 1, '2026-04-10 10:30:00'),
(88, 3, '2026-04-10 11:00:00'),
(88, 5, '2026-04-10 12:00:00'),
(89, 2, '2026-04-09 15:00:00'),
(89, 4, '2026-04-09 16:00:00'),
(89, 6, '2026-04-09 17:00:00'),
(90, 1, '2026-04-08 11:00:00'),
(90, 5, '2026-04-08 12:00:00'),
(91, 2, '2026-04-07 17:30:00'),
(91, 4, '2026-04-07 18:00:00'),
(92, 1, '2026-04-06 12:00:00'),
(92, 3, '2026-04-06 13:00:00'),
(92, 6, '2026-04-06 14:00:00');

INSERT INTO `forum_topic_collections` (`topic_id`, `user_id`, `created_at`) VALUES
(89, 2, '2026-04-09 16:00:00'),
(90, 4, '2026-04-08 13:00:00'),
(91, 3, '2026-04-07 18:30:00'),
(92, 6, '2026-04-06 15:00:00');

INSERT INTO `forum_reply_likes` (`reply_id`, `user_id`, `created_at`) VALUES
(200, 2, '2026-04-10 11:00:00'),
(202, 5, '2026-04-10 15:00:00'),
(203, 5, '2026-04-09 16:00:00'),
(206, 2, '2026-04-08 13:00:00'),
(209, 2, '2026-04-06 13:00:00');

-- ========================================
-- 第十八部分：文档审核记录数据
-- ========================================
INSERT INTO `document_reviews` (`document_id`, `review_type`, `status`, `reviewer_id`, `review_comment`, `format_check_passed`, `content_compliance_passed`, `similarity_score`, `similar_document_id`, `created_at`, `reviewed_at`) VALUES
(47, 'INITIAL', 'APPROVED', NULL, '初审通过，等待复审。', TRUE, TRUE, 0, NULL, '2026-04-06 18:54:36', '2026-04-06 18:54:36'),
(48, 'INITIAL', 'APPROVED', NULL, '初审通过，等待复审。', TRUE, TRUE, 0, NULL, '2026-04-06 18:58:01', '2026-04-06 18:58:01'),
(49, 'INITIAL', 'APPROVED', NULL, '初审通过，等待复审。', TRUE, TRUE, 0, NULL, '2026-04-06 18:59:02', '2026-04-06 18:59:02'),
(50, 'INITIAL', 'APPROVED', NULL, '初审通过，等待复审。', TRUE, TRUE, 0, NULL, '2026-04-06 18:59:28', '2026-04-06 18:59:28'),
(51, 'INITIAL', 'APPROVED', NULL, '初审通过，等待复审。', TRUE, TRUE, 0, NULL, '2026-04-06 18:59:52', '2026-04-06 18:59:52'),
(52, 'INITIAL', 'APPROVED', NULL, '初审通过，等待复审。', TRUE, TRUE, 0, NULL, '2026-04-06 19:00:33', '2026-04-06 19:00:33'),
(55, 'INITIAL', 'APPROVED', NULL, '初审通过，等待复审。', TRUE, TRUE, 0, NULL, '2026-04-07 00:08:35', '2026-04-07 00:08:35'),
(56, 'INITIAL', 'APPROVED', NULL, '初审通过，等待复审。', TRUE, TRUE, 0, NULL, '2026-04-07 00:09:00', '2026-04-07 00:09:00'),
(66, 'INITIAL', 'APPROVED', NULL, '初审通过，等待复审。', TRUE, TRUE, 0, NULL, '2026-04-07 18:10:06', '2026-04-07 18:10:06'),
(67, 'INITIAL', 'APPROVED', NULL, '初审通过，等待复审。', TRUE, TRUE, 0, NULL, '2026-04-07 18:10:58', '2026-04-07 18:10:58');

-- ========================================
-- 第十九部分：AI对话数据（新格式）
-- ========================================
INSERT INTO `chat_conversation` (`id`, `user_id`, `title`, `messages`, `message_count`, `created_at`, `updated_at`) VALUES
(1, 2, '你好', '[{"role":"user","content":"你好"},{"role":"assistant","content":"你好！欢迎来到知享校园知识库共享平台！我是你的智能助手。"}]', 1, '2026-03-12 19:01:05', '2026-03-12 19:01:25'),
(2, 2, '你是谁', '[{"role":"user","content":"你是谁"},{"role":"assistant","content":"我是知享校园平台的智能AI助手，专注于帮助您更好地使用平台功能。"},{"role":"user","content":"你能做什么"},{"role":"assistant","content":"我可以帮您查找文档、解答问题、推荐学习资料等。"}]', 2, '2026-03-12 19:11:34', '2026-03-12 19:37:06'),
(3, 1, 'Java学习文档推荐', '[{"role":"user","content":"有什么Java学习资料推荐吗"},{"role":"assistant","content":"平台上有丰富的Java学习资料，包括：《Effective Java》、《Spring Boot实战》等。"}]', 1, '2026-03-12 21:27:22', '2026-03-12 21:27:32');

-- ========================================
-- 第二十部分：更新文档统计数据
-- ========================================
UPDATE `documents` SET rating_average = 4.50, rating_count = 4 WHERE id = 47;
UPDATE `documents` SET rating_average = 4.70, rating_count = 6 WHERE id = 48;
UPDATE `documents` SET rating_average = 4.60, rating_count = 5 WHERE id = 49;
UPDATE `documents` SET rating_average = 4.65, rating_count = 5 WHERE id = 50;
UPDATE `documents` SET rating_average = 4.80, rating_count = 8 WHERE id = 51;
UPDATE `documents` SET rating_average = 4.40, rating_count = 3 WHERE id = 52;
UPDATE `documents` SET rating_average = 4.85, rating_count = 12 WHERE id = 55;
UPDATE `documents` SET rating_average = 4.75, rating_count = 10 WHERE id = 56;
UPDATE `documents` SET rating_average = 4.55, rating_count = 7 WHERE id = 66;
UPDATE `documents` SET rating_average = 4.70, rating_count = 9 WHERE id = 67;

-- ========================================
-- 恢复外键检查
-- ========================================
SET FOREIGN_KEY_CHECKS = 1;

-- ========================================
-- 数据初始化完成
-- ========================================
SELECT 'Seed data insertion completed successfully!' AS message;
